{
  "properties": {
    "connectionReferences": {
      "shared_commondataserviceforapps": {
        "runtimeSource": "embedded",
        "connection": {
          "connectionReferenceLogicalName": "test_sharedcommondataserviceforapps_335cc"
        },
        "api": {
          "name": "shared_commondataserviceforapps"
        }
      },
      "shared_teams": {
        "runtimeSource": "invoker",
        "connection": {
          "connectionReferenceLogicalName": "test_sharedteams_b17f1"
        },
        "api": {
          "name": "shared_teams"
        }
      }
    },
    "definition": {
      "$schema": "https://schema.management.azure.com/providers/Microsoft.Logic/schemas/2016-06-01/workflowdefinition.json#",
      "contentVersion": "1.0.0.0",
      "parameters": {
        "$connections": {
          "defaultValue": {},
          "type": "Object"
        },
        "$authentication": {
          "defaultValue": {},
          "type": "SecureObject"
        }
      },
      "triggers": {
        "manual": {
          "metadata": {
            "operationMetadataId": "8a842e2f-4242-4288-b765-a7c7aa862bdc"
          },
          "type": "Request",
          "kind": "Button",
          "inputs": {
            "schema": {
              "type": "object",
              "properties": {
                "text": {
                  "title": "Title",
                  "type": "string",
                  "x-ms-dynamically-added": true,
                  "description": "Please enter your input",
                  "x-ms-content-hint": "TEXT"
                },
                "date": {
                  "title": "DT",
                  "type": "string",
                  "format": "date",
                  "x-ms-dynamically-added": true,
                  "description": "Please enter or select a date (YYYY-MM-DD)",
                  "x-ms-content-hint": "DATE"
                }
              },
              "required": [
                "text",
                "date"
              ]
            },
            "headersSchema": {
              "x-ms-user-name-encoded": {
                "title": "User name",
                "type": "string",
                "format": "byte",
                "x-ms-dynamically-added": false
              }
            }
          }
        }
      },
      "actions": {
        "Do_until": {
          "actions": {
            "Get_a_row_by_ID": {
              "runAfter": {},
              "metadata": {
                "operationMetadataId": "5cc4bdc6-73f7-4adc-86e9-64bba78f29c2"
              },
              "type": "OpenApiConnection",
              "inputs": {
                "host": {
                  "connectionName": "shared_commondataserviceforapps",
                  "operationId": "GetItem",
                  "apiId": "/providers/Microsoft.PowerApps/apis/shared_commondataserviceforapps"
                },
                "parameters": {
                  "entityName": "test_test1s",
                  "recordId": "@outputs('Add_a_new_row')?['body/test_test1id']"
                },
                "authentication": {
                  "type": "Raw",
                  "value": "@json(decodeBase64(triggerOutputs().headers['X-MS-APIM-Tokens']))['$ConnectionKey']"
                }
              }
            },
            "ComposeDate": {
              "runAfter": {
                "Post_adaptive_card_and_wait_for_a_response": [
                  "Succeeded"
                ]
              },
              "metadata": {
                "operationMetadataId": "98f97caf-d8e5-4195-8a49-ac7661ae0e20"
              },
              "type": "Compose",
              "inputs": "@formatDateTime(outputs('Post_adaptive_card_and_wait_for_a_response')?['body/responseTime'],'dd/MM/yyyy hh:mm')"
            },
            "Compose_9": {
              "runAfter": {
                "ComposeDate": [
                  "Succeeded"
                ]
              },
              "metadata": {
                "operationMetadataId": "51c37053-4854-4148-bb84-fe67a63af5f5"
              },
              "type": "Compose",
              "inputs": "@Concat(string('Mary Narain'),outputs('Post_adaptive_card_and_wait_for_a_response')?['body/responseTime'],outputs('Post_adaptive_card_and_wait_for_a_response')?['body/data/commentsId'])"
            },
            "Compose": {
              "runAfter": {
                "Get_a_row_by_ID": [
                  "Succeeded"
                ]
              },
              "metadata": {
                "operationMetadataId": "d8103485-f63a-4ab8-846c-1d22a8a01e6f"
              },
              "type": "Compose",
              "inputs": [
                {
                  "type": "TextBlock",
                  "text": "@{outputs('Get_a_row_by_ID')?['body/test_comments']}",
                  "wrap": true
                }
              ]
            },
            "Post_adaptive_card_and_wait_for_a_response": {
              "runAfter": {
                "Compose_3": [
                  "Succeeded"
                ]
              },
              "metadata": {
                "operationMetadataId": "199b826c-0650-4046-a73b-884a6e7ae4fb"
              },
              "type": "OpenApiConnectionWebhook",
              "inputs": {
                "host": {
                  "connectionName": "shared_teams",
                  "operationId": "PostCardAndWaitForResponse",
                  "apiId": "/providers/Microsoft.PowerApps/apis/shared_teams"
                },
                "parameters": {
                  "poster": "Flow bot",
                  "location": "Chat with Flow bot",
                  "body/body/messageBody": "{\n    \"type\": \"AdaptiveCard\",\n    \"$schema\": \"http://adaptivecards.io/schemas/adaptive-card.json\",\n    \"version\": \"1.4\",\n    \"body\": [\n        {\n            \"type\": \"TextBlock\",\n            \"text\": \"Add Your Comments To The Loop\",\n            \"wrap\": true,\n            \"size\": \"Large\",\n            \"horizontalAlignment\": \"Center\",\n            \"weight\": \"Bolder\"\n        },\n        {\n            \"type\": \"TextBlock\",\n            \"text\": \"\",\n            \"wrap\": true,\n            \"weight\": \"Bolder\"\n        },\n        {\n            \"type\": \"TextBlock\",\n            \"wrap\": true,\n            \"text\": \"Agent\",\n            \"weight\": \"Bolder\"\n        },\n        {\n            \"type\": \"TextBlock\",\n            \"text\": \"Mary Narain\",\n            \"wrap\": true\n        },\n        {\n            \"type\": \"TextBlock\",\n            \"text\": \"Date\",\n            \"wrap\": true,\n            \"weight\": \"Bolder\"\n        },\n        {\n            \"type\": \"TextBlock\",\n            \"text\": \"\",\n            \"wrap\": true\n        },\n        {\n            \"type\": \"TextBlock\",\n            \"text\": \"Comments\",\n            \"wrap\": true\n        },\n       {\n            \"type\": \"Input.Text\",\n            \"placeholder\": \"Placeholder text\",\n          \"id\": \"commentsId\",\n            \"isMultiline\": true\n},\n        {\n            \"type\": \"TextBlock\",\n            \"text\": \"Do you want to continue?\",\n            \"wrap\": true\n        },\n        {\n            \"type\": \"Input.ChoiceSet\",\n            \"choices\": [\n                {\n                    \"title\": \"Yes\",\n                    \"value\": \"Inprogress\"\n                },\n                {\n                    \"title\": \"No\",\n                    \"value\": \"Complete\"\n                }\n            ],\n            \"placeholder\": \"Placeholder text\",\n           \"id\": \"resultVerify\"\n        },\n        {\n            \"type\": \"ActionSet\",\n            \"id\": \"submitnow\",\n            \"actions\": [\n                {\n                    \"type\": \"Action.Submit\",\n                    \"title\": \"Submit\"\n                }\n            ]\n        }\n    ]\n}",
                  "body/body/updateMessage": "Thanks for your response!",
                  "body/body/recipient/to": "Mary.Narainsamy@enerserv.co.za;"
                },
                "authentication": {
                  "type": "Raw",
                  "value": "@json(decodeBase64(triggerOutputs().headers['X-MS-APIM-Tokens']))['$ConnectionKey']"
                }
              }
            },
            "Set_variable_2": {
              "runAfter": {
                "Compose": [
                  "Succeeded"
                ]
              },
              "metadata": {
                "operationMetadataId": "a4ba86ce-5bdf-46f5-b1bf-eb372ccd2277"
              },
              "type": "SetVariable",
              "inputs": {
                "name": "PreComments",
                "value": "@outputs('Compose')"
              }
            },
            "Append_to_array_variable": {
              "runAfter": {
                "Compose_9": [
                  "Succeeded"
                ]
              },
              "metadata": {
                "operationMetadataId": "2445bb7d-5cc0-4f32-b8b9-dc5760839afd"
              },
              "type": "AppendToArrayVariable",
              "inputs": {
                "name": "comment",
                "value": "@outputs('Compose_9')"
              }
            },
            "Join_2": {
              "runAfter": {
                "Compose_2": [
                  "Succeeded"
                ]
              },
              "metadata": {
                "operationMetadataId": "19b04ffb-640b-402d-a502-a1665625791f"
              },
              "type": "Join",
              "inputs": {
                "from": "@variables('comment')",
                "joinWith": "\n"
              }
            },
            "AppendLinebreaktostringVAR": {
              "runAfter": {
                "Append_to_array_variable": [
                  "Succeeded"
                ]
              },
              "metadata": {
                "operationMetadataId": "7d0b5cc7-5574-40d9-82fe-f48933e94c0e"
              },
              "type": "AppendToStringVariable",
              "inputs": {
                "name": "linebr",
                "value": "@outputs('Compose_9')"
              }
            },
            "NewStringVar": {
              "runAfter": {
                "AppendLinebreaktostringVAR": [
                  "Succeeded"
                ]
              },
              "metadata": {
                "operationMetadataId": "9b2091c4-133b-4dff-8e99-d4ace703c75d"
              },
              "type": "SetVariable",
              "inputs": {
                "name": "SplitString",
                "value": "@{split(outputs('Compose_9'), '|')}"
              }
            },
            "Update_a_row": {
              "runAfter": {
                "Join_2": [
                  "Succeeded"
                ]
              },
              "metadata": {
                "operationMetadataId": "e9f19a74-206d-49a1-b55b-2e385881c4a6"
              },
              "type": "OpenApiConnection",
              "inputs": {
                "host": {
                  "connectionName": "shared_commondataserviceforapps",
                  "operationId": "UpdateRecord",
                  "apiId": "/providers/Microsoft.PowerApps/apis/shared_commondataserviceforapps"
                },
                "parameters": {
                  "entityName": "test_test1s",
                  "recordId": "@outputs('Add_a_new_row')?['body/test_test1id']",
                  "item/test_comments": "@body('Join_2')",
                  "item/test_inprogress": "@outputs('Post_adaptive_card_and_wait_for_a_response')?['body/data/resultVerify']"
                },
                "authentication": {
                  "type": "Raw",
                  "value": "@json(decodeBase64(triggerOutputs().headers['X-MS-APIM-Tokens']))['$ConnectionKey']"
                }
              }
            },
            "Compose_2": {
              "runAfter": {
                "NewStringVar": [
                  "Succeeded"
                ]
              },
              "metadata": {
                "operationMetadataId": "386431f1-46a9-4d30-8e93-81e11067d641"
              },
              "type": "Compose",
              "inputs": "@variables('SplitString')"
            },
            "Compose_3": {
              "runAfter": {
                "Set_variable_2": [
                  "Succeeded"
                ]
              },
              "metadata": {
                "operationMetadataId": "7dd77f0b-2ff8-4ec8-826d-3b20f1fe4f1f"
              },
              "type": "Compose",
              "inputs": " TYLA  TYLA  "
            }
          },
          "runAfter": {
            "NewString": [
              "Succeeded"
            ]
          },
          "expression": "@equals(outputs('Post_adaptive_card_and_wait_for_a_response')?['body/data/resultVerify'], 'Complete')",
          "limit": {
            "count": 60,
            "timeout": "PT1H"
          },
          "metadata": {
            "operationMetadataId": "a41d652f-6855-4df7-afe1-a24341e57fd6"
          },
          "type": "Until"
        },
        "CommentsVar": {
          "runAfter": {
            "PreCommentsVar": [
              "Succeeded"
            ]
          },
          "metadata": {
            "operationMetadataId": "7304d1a0-c8ff-4433-995c-0c7232debf26"
          },
          "type": "InitializeVariable",
          "inputs": {
            "variables": [
              {
                "name": "comment",
                "type": "array"
              }
            ]
          }
        },
        "PreCommentsVar": {
          "runAfter": {
            "Add_a_new_row": [
              "Succeeded"
            ]
          },
          "metadata": {
            "operationMetadataId": "09fb2220-69f0-4c2b-946e-f18a0ed211a3"
          },
          "type": "InitializeVariable",
          "inputs": {
            "variables": [
              {
                "name": "PreComments",
                "type": "array"
              }
            ]
          }
        },
        "NewString": {
          "runAfter": {
            "Initialize_variable": [
              "Succeeded"
            ]
          },
          "metadata": {
            "operationMetadataId": "6fb04575-0690-4315-ab2c-2a80d5997822"
          },
          "type": "InitializeVariable",
          "inputs": {
            "variables": [
              {
                "name": "SplitString",
                "type": "string"
              }
            ]
          }
        },
        "Add_a_new_row": {
          "runAfter": {},
          "metadata": {
            "operationMetadataId": "96c55e21-59f0-446f-b9ad-cf2658f46872"
          },
          "type": "OpenApiConnection",
          "inputs": {
            "host": {
              "connectionName": "shared_commondataserviceforapps",
              "operationId": "CreateRecord",
              "apiId": "/providers/Microsoft.PowerApps/apis/shared_commondataserviceforapps"
            },
            "parameters": {
              "entityName": "test_test1s",
              "item/test_name": "@triggerOutputs()['headers']['x-ms-user-name-encoded']",
              "item/test_title": "@triggerBody()['text']"
            },
            "authentication": {
              "type": "Raw",
              "value": "@json(decodeBase64(triggerOutputs().headers['X-MS-APIM-Tokens']))['$ConnectionKey']"
            }
          }
        },
        "Initialize_variable": {
          "runAfter": {
            "CommentsVar": [
              "Succeeded"
            ]
          },
          "metadata": {
            "operationMetadataId": "07ad9787-c413-4297-879a-c82ce251ffbb"
          },
          "type": "InitializeVariable",
          "inputs": {
            "variables": [
              {
                "name": "linebr",
                "type": "string"
              }
            ]
          }
        }
      }
    }
  },
  "schemaVersion": "1.0.0.0"
}